User,1,Taro,Boss,$2a$12$QzWVhlnoytrFWiQKPoxpg.JKpAUWElbzd.PJ3VL1IVISZYmDJtNHC,images/User/Taro.png,2023-09-27T10:04:14.132737400,1
User,2,Kriwn,Non,$2a$12$kBJofcTVIUCf9hbBHEdr..4qxfs7QgG0kYDc4wnvwcM9ujQKw0/7C,images/User/Kriwn.png,2023-09-27T09:35:37.557608500,2
User,3,Kaepie,Peak,$2a$12$/3dRFqrb.ux225N45G.8h.iNN0md1zWYTMkDJu/ISMKhWCyLq.cGy,images/default.png,2023-09-26T20:04:08.734536700,1
User,4,Maprow,Palm,$2a$12$Q9BO4DWqNfY0Cg.euzxiM.I3Cf8xwPpFAtQ2.x0K/BukiKXgTPEai,images/default.png,2023-09-09T11:54:06.489973400,2
User,5,Terter,Ter,$2a$12$1zPVCzjbisARnRpr7LBMaOAVKQhHb7.qLN0fsonAqT1ERMA3sgsAS,images/default.png,2023-09-09T13:22:00.923480100,1
User,6,Kaboom,Boom,$2a$12$uRCYnWIj76lT9ZkbLs7Dz.K1/H5U6axZ/6J9yzDXMA6TG0Wpki3Ku,images/default.png,2023-09-09T13:24:57.744258800,1
User,7,sdafa,sdfa,$2a$12$DLXGjIPxowVuQlQMdqcUpeT.B/9IJimLSbGPqbLIdbxK1CHZGHRHK,images/default.png,2023-09-09T13:28:24.078524800,2
User,8,Momo,mo,$2a$12$PMRe5SLw1Y5.ksdfIpKk6uKYjb1K2z0ZZ62yHb2kO7Ohj1JWpMsom,images/User/Momo.png,2023-09-21T16:27:10.320309900,2
User,9,aaa,aaa,$2a$12$P8zwLdpOxWOeIssDchXI0uOmFx5u8R5GHedq0Lj8Ri5Dnd1BFEypy,images/default.png,2023-09-09T21:39:35.651655200,1
User,10,Kunrasutree,Ying,$2a$12$xiFumFo7MaADGwBK3FxgZOMykkOJZSfjkcCaoFQfiCcihE8u3JlVa,images/default.png,2023-09-10T20:48:31.213547600,2
User,11,Game,game,$2a$12$.JT0LVW8wlf8mOQlOxCKcOWl8HTgOT0C4gd91gY2YRv24WaNlRMF6,images/User/Game.png,2023-09-27T09:38:13.380829400,1
User,12,Gift,Gitfto,$2a$12$852ct.jLS2.UZ0uSJEjaVu2JNR5rGbVcTebdSEPPS4AWLyjLczw.m,images/default.png,2023-09-26T19:59:55.310147100,2
