Taro1,1,Taro1,2023-09-08,2023-09-25,11:01:01,12:01:01,6,123,file:images/Taro1.png
Taro2,2,Taro2,2023-09-08,2023-09-25,11:11:11,12:12:12,5,11,file:images/Taro2.png
Events,3,EventTest|t|,2023-09-08,2023-09-25,11:11,12:12,3,12,file:images/Events.png
haha,4,hahah,2023-09-08,2023-09-25,11:11,12:12,3,15,file:images/haha.png
Kaepie,5,KaepieEvent,2023-09-08,2023-09-25,11:11,12:12,3,123,file:images/Kaepie.png
EventPalm,6,EventPalm1,2023-09-08,2023-09-25,11:11,12:12,11,12,file:images/EventPalm.png
asdfa,7,asdfaa|,2023-09-08,2023-09-25,11:11,12:12,0,12,file:images/asdfa.png
sda,8,asdasd,2023-09-09,2023-09-25,12:12,11:11,0,11,file:images/sda.png
รับน้อง,9,รับน้อง ku84,2023-09-10,2023-09-25,08:30,16:30,1,20,file:images/รับน้อง.png
Testter,10,tester,2023-09-18,2023-09-25,10:00,20:00,0,21,file:images/Testter.png
testdetails,11,peak|boss|non|palm|,2023-09-18,2023-09-25,10:00,20:00,0,20,file:images/testdetails.png
